モンスターID,装備ID,称号ID
m_1,s_1,sy_1
m_2,s_2,sy_2
m_3,s_3,sy_3
m_4,s_4,sy_4
m_5,s_5,sy_5
m_6,s_6,sy_6
m_7,s_7,sy_7
m_8,s_8,sy_8
m_9,s_9,sy_9
m_10,s_10,sy_10
m_11,s_11,sy_11
m_12,s_12,sy_12
m_13,s_13,sy_13
m_14,s_14,sy_14
m_15,s_15,sy_15
m_16,s_16,sy_16
m_17,s_17,sy_17
m_18,s_18,sy_18
m_19,s_19,sy_19
m_20,s_20,sy_20
m_21,s_21,sy_21
m_22,s_22,sy_22
m_23,s_23,sy_23
m_24,s_24,sy_24
m_25,s_25,sy_25
m_26,s_26,sy_26
m_27,s_27,sy_27
m_28,s_28,sy_28
m_29,s_29,sy_29
m_30,s_30,sy_30
m_31,s_31,sy_31
m_32,s_32,sy_32
m_33,s_33,sy_33
m_34,s_34,sy_34
m_35,s_35,sy_35
m_36,s_36,sy_36
m_37,s_37,sy_37
m_38,s_38,sy_38
m_39,s_39,sy_39
m_40,s_40,sy_40
m_41,s_41,sy_41
m_42,s_42,sy_42
m_43,s_43,sy_43
m_44,s_44,sy_44
m_45,s_45,sy_45
m_46,s_46,sy_46
m_47,s_47,sy_47
m_48,s_48,sy_48
m_49,s_49,sy_49
m_50,s_50,sy_50
m_51,s_51,sy_51
m_52,s_52,sy_52
m_53,s_53,sy_53
m_54,s_54,sy_54
m_55,s_55,sy_55
m_56,s_56,sy_56
m_57,s_57,sy_57
m_58,s_58,sy_58
m_59,s_59,sy_59
m_60,s_60,sy_60
m_61,s_61,sy_61
m_62,s_62,sy_62
m_63,s_63,sy_63
m_64,s_64,sy_64
m_65,s_65,sy_65
m_66,s_66,sy_66
m_67,s_67,sy_67
m_68,s_68,sy_68
m_69,s_69,sy_69
m_70,s_70,sy_70
m_71,s_71,sy_71
m_72,s_72,sy_72
m_73,s_73,sy_73
m_74,s_74,sy_74
m_75,s_75,sy_75
m_76,s_76,sy_76
m_77,s_77,sy_77
m_78,s_78,sy_78
m_79,s_79,sy_79
m_80,s_80,sy_80
m_81,s_81,sy_81
m_82,s_82,sy_82
m_83,s_83,sy_83
m_84,s_84,sy_84
m_85,s_85,sy_85
m_86,s_86,sy_86
m_87,s_87,sy_87
m_88,s_88,sy_88
m_89,s_89,sy_89
m_90,s_90,sy_90
m_91,s_91,sy_91
m_92,s_92,sy_92
m_93,s_93,sy_93
m_94,s_94,sy_94
m_95,s_95,sy_95
m_96,s_96,sy_96
m_97,s_97,sy_97
m_98,s_98,sy_98
m_99,s_99,sy_99
m_100,s_100,sy_100
m_101,s_101,sy_101
m_102,s_102,sy_102
m_103,s_103,sy_103
m_104,s_104,sy_104
m_105,s_105,sy_105
m_106,s_106,sy_106
m_107,s_107,sy_107
m_108,s_108,sy_108
m_109,s_109,sy_109
m_110,s_110,sy_110
m_111,s_111,sy_111
m_112,s_112,sy_112
m_113,s_113,sy_113
m_114,s_114,sy_114
m_115,s_115,sy_115
m_116,s_116,sy_116
m_117,s_117,sy_117
m_118,s_118,sy_118
m_119,s_119,sy_119
m_120,s_120,sy_120
m_121,s_121,sy_121
m_122,s_122,sy_122
m_123,s_123,sy_123
m_124,s_124,sy_124
m_125,s_125,sy_125
m_126,s_126,sy_126
m_127,s_127,sy_127
m_128,s_128,sy_128
m_129,s_129,sy_129
m_130,s_130,sy_130
m_131,s_131,sy_131
m_132,s_132,sy_132
m_133,s_133,sy_133
m_134,s_134,sy_134
m_135,s_135,sy_135
m_136,s_136,sy_136
m_137,s_137,sy_137
m_138,s_138,sy_138
m_139,s_139,sy_139
m_140,s_140,sy_140
m_141,s_141,sy_141
m_142,s_142,sy_142
m_143,s_143,sy_143
m_144,s_144,sy_144
m_145,s_145,sy_145
m_146,s_146,sy_146
m_147,s_147,sy_147
m_148,s_148,sy_148
m_149,s_149,sy_149
m_150,s_150,sy_150
m_151,s_151,sy_151
